<xml version="0.996" board="Microduino/mCookie-Core USB (32u4)[usb32u416m]" xmlns="http://www.w3.org/1999/xhtml"><block type="Microduino_KEYDigital" id="*|U{+LTf9![fK-;~t8j~" x="-276" y="155"><field name="KPin">4</field><field name="CHECK">SHORT_PRESS</field><statement name="DO"><block type="OLED_begin" id="R]?hax.G3cZM]UcnD=)x"><field name="FLIP">undoRotation</field><statement name="DO"><block type="OLED_print" id="kZGGsgS6dmaN!miFG3;O"><field name="TYPE">setFont_S</field><value name="x"><shadow type="math_number" id="L^?o3PM*+wlt+2#kjz?C"><field name="NUM">0</field></shadow></value><value name="y"><shadow type="math_number" id="mcMI`nO}1S2j}MY+rvBo"><field name="NUM">20</field></shadow></value><value name="text"><block type="text" id="A3C#8m4se;v}Ff/j+H]#"><field name="TEXT">hello</field></block></value></block></statement><next><block type="BuzzerTone" id="uO*/vJb|AZUc}[Ksdv-a"><value name="BuzzerPin"><shadow type="math_number" id="z7Jv^t;ZGdg-u)T#B6s!"><field name="NUM">2</field></shadow></value><value name="Frequency"><shadow type="math_number" id="bT}kmSi?R*r*{EIYhaWI"><field name="NUM">1400</field></shadow></value><next><block type="base_delay" id="PUTj74wkyVTd+OSd6tU`"><field name="UNIT">delay</field><value name="DELAY_TIME"><shadow type="math_number" id="wde((EC6Ajnf2/MqCwTa"><field name="NUM">500</field></shadow></value><next><block type="BuzzerTone" id="]XF^-2#isaxm)^btz*.l"><value name="BuzzerPin"><shadow type="math_number" id="[1SUxvw+l:RePgM;hlt*"><field name="NUM">2</field></shadow></value><value name="Frequency"><shadow type="math_number" id="hY!a|{wfMWO;nvm7xgs!"><field name="NUM">1200</field></shadow></value><next><block type="base_delay" id="U]3MXf4e=y9MQ%ph+/K7"><field name="UNIT">delay</field><value name="DELAY_TIME"><shadow type="math_number" id="61U`%-sx1LRq7yNFo3?{"><field name="NUM">500</field></shadow></value><next><block type="BuzzerNoTone" id="wY!=bDI}0SnEQcqB;oGE"><value name="BuzzerPin"><shadow type="math_number" id="8mmwR[TG}S{E9mgo{o0`"><field name="NUM">2</field></shadow></value></block></next></block></next></block></next></block></next></block></next></block></statement><next><block type="Microduino_KEYDigital" id="4^2r[cBb6=9ioL+#n@(2"><field name="KPin">8</field><field name="CHECK">LONG_PRESS</field><statement name="DO"><block type="OLED_begin" id="Xbq=aO[x~=*C3];TK_[n"><field name="FLIP">undoRotation</field><statement name="DO"><block type="OLED_print" id="()GWpZ4pMTg}^D*aIq}?"><field name="TYPE">setFont_S</field><value name="x"><shadow type="math_number" id="C|Eh6/b+Qp-!y[{)L(D@"><field name="NUM">0</field></shadow></value><value name="y"><shadow type="math_number" id="YC~I[^OI9cF^Evk3/I4E"><field name="NUM">20</field></shadow></value><value name="text"><block type="text" id="+28zw*|T/xTr7/HxA?p%"><field name="TEXT">No one is here</field></block></value></block></statement><next><block type="BuzzerTone" id="#1lG2dKGy:TfY7VpCZl~"><value name="BuzzerPin"><shadow type="math_number" id=";Qz7:lHZGf.f._pfYT|A"><field name="NUM">2</field></shadow></value><value name="Frequency"><shadow type="math_number" id="(OX[s2=nrK/^8J[)(0AA"><field name="NUM">1400</field></shadow></value><next><block type="base_delay" id=";2MS|7h}pjkNnkm9C8!b"><field name="UNIT">delay</field><value name="DELAY_TIME"><shadow type="math_number" id="Gn)ti|sm8A`mBmk2-^Vl"><field name="NUM">500</field></shadow></value><next><block type="BuzzerTone" id="^}cSLu}9r||U4DZdD-Dw"><value name="BuzzerPin"><shadow type="math_number" id="#}.(ak:*(#TECyUTVu1j"><field name="NUM">2</field></shadow></value><value name="Frequency"><shadow type="math_number" id="u75FA+jQA~^!9g+eKAi3"><field name="NUM">1200</field></shadow></value><next><block type="base_delay" id="Dqxbk7.Y);6_GYoUjWny"><field name="UNIT">delay</field><value name="DELAY_TIME"><shadow type="math_number" id="qu{7{%e-2iI6z7[iSH!C"><field name="NUM">500</field></shadow></value><next><block type="BuzzerNoTone" id="@@j/ui}nvshauoUDbTQs"><value name="BuzzerPin"><shadow type="math_number" id="0^}hnq?{_A5J;5=TVTX["><field name="NUM">2</field></shadow></value></block></next></block></next></block></next></block></next></block></next></block></statement><next><block type="Microduino_KEYDigital" id="9;QU!cKeF?%e;#9W@x1m"><field name="KPin">6</field><field name="CHECK">LONG_PRESS</field><statement name="DO"><block type="OLED_begin" id="V%yM}_R;s+0?J-l=8}CT"><field name="FLIP">undoRotation</field><statement name="DO"><block type="OLED_print" id="Mj:KnCYKWZTDb[B69=zR"><field name="TYPE">setFont_S</field><value name="x"><shadow type="math_number" id="-h^s9(l`hf9G#o{/{2LI"><field name="NUM">0</field></shadow></value><value name="y"><shadow type="math_number" id="V?wU-}8-@hd:af{AN!]^"><field name="NUM">20</field></shadow></value><value name="text"><block type="text" id="CxpN-ws|8F4-6fRaX-C+"><field name="TEXT">Run 30 min</field></block></value></block></statement><next><block type="microduinoServoMove" id="U@1h]#_rt5P3=DkvdL/P"><value name="PIN"><shadow type="pins_digital" id="4l7gKlu;3X|zH]DQX;=#"><field name="PIN">10</field></shadow></value><value name="DEGREE"><shadow type="math_number" id="I=P+%@M7fWJ]L_/?z`_D"><field name="NUM">180</field></shadow></value><value name="DELAY_TIME"><shadow type="math_number" id="zOgF:j4I{~F:,;esBDsY"><field name="NUM">360</field></shadow></value><next><block type="microduinoServoMove" id="D+WMOiw^3VTm,_jq)YYk"><value name="PIN"><shadow type="pins_digital" id="V;S)JB#:LZQ@Ie/oC@l!"><field name="PIN">10</field></shadow></value><value name="DEGREE"><shadow type="math_number" id="nWWuPJkV%k8GL?Y#3_qm"><field name="NUM">0</field></shadow></value><value name="DELAY_TIME"><shadow type="math_number" id="P?]m(A`MKp?A4~9r0vl3"><field name="NUM">360</field></shadow></value><next><block type="controls_for" id="u9blKa95]yo?(8y(veAX"><field name="VAR">i</field><field name="STEP">1</field><value name="FROM"><shadow type="math_number" id="30vs#lTj~)7nNZ,hD1}="><field name="NUM">1</field></shadow></value><value name="TO"><shadow type="math_number" id="bV8g;x)fA}*Iz0u9]~/U"><field name="NUM">180</field></shadow></value><statement name="DO"><block type="microduinoServoMove" id=")2ghtLs;ITUP%q7i[c74"><value name="PIN"><shadow type="pins_digital" id="g*%clSA.hLmy,/}T:^`O"><field name="PIN">10</field></shadow></value><value name="DEGREE"><shadow type="math_number" id="s%LJE6wYf=i?bv`cv%-@"><field name="NUM">180</field></shadow></value><value name="DELAY_TIME"><shadow type="math_number" id="B1`cq^BeI;)0YxTYDq2N"><field name="NUM">360</field></shadow></value><next><block type="microduinoServoMove" id="KYt7])NsJpFQGPXag@kE"><value name="PIN"><shadow type="pins_digital" id="ptH9SbafZ1*SIQ%OKK%r"><field name="PIN">10</field></shadow></value><value name="DEGREE"><shadow type="math_number" id="4~_a7RdpUV^@e_nUepD5"><field name="NUM">0</field></shadow></value><value name="DELAY_TIME"><shadow type="math_number" id="_(;(,*liJBV+x~itvrMG"><field name="NUM">360</field></shadow></value></block></next></block></statement><next><block type="OLED_begin" id="A1)M~2*kEDc=qdZ4S^8x"><field name="FLIP">undoRotation</field><statement name="DO"><block type="OLED_print" id="Sei-ya`gx=@ToG1|jbM;"><field name="TYPE">setFont_S</field><value name="x"><shadow type="math_number" id="X895f_l}(dzs*ij,{LL2"><field name="NUM">0</field></shadow></value><value name="y"><shadow type="math_number" id="6!%G?R;PL)u(cD.yL{p7"><field name="NUM">20</field></shadow></value><value name="text"><block type="text" id=",qCx|VQ3m-mN}+vcsSWL"><field name="TEXT">Run 30 min</field></block></value></block></statement></block></next></block></next></block></next></block></next></block></statement></block></next></block></next></block></xml>